,UID,loan_status
0,1844045271814558464,Not Approved
1,1840349097823778816,Not Approved
2,1488102613362294272,Not Approved
3,555529923942874624,Approved
4,1010213070486150912,Not Approved
5,1370869366423076096,Approved
6,330376665149701632,Not Approved
7,1927955299575152640,Approved
8,1159047042546043392,Not Approved
9,1554054683645373952,Not Approved
10,1676852773276240128,Approved
11,1335872516146736128,Not Approved
12,1108136757019277312,Not Approved
13,377730059464573952,Not Approved
14,1023043463617453824,Not Approved
15,1330300438669223424,Approved
16,616202901359100928,Not Approved
17,1719969690061707264,Not Approved
18,386429838180140544,Approved
19,163503573735491072,Not Approved
20,589002367753259776,Not Approved
21,1624159202162825472,Approved
22,1199766196625364480,Not Approved
23,1764959440829781248,Not Approved
24,2052268685839561216,Not Approved
25,491562678034080000,Not Approved
26,246407842196583680,Not Approved
27,1876328185836784128,Approved
28,1746196453053390592,Not Approved
29,1881651989321915136,Not Approved
30,338491284569821952,Not Approved
31,2170815315848952064,Not Approved
32,2038568716979398912,Not Approved
33,360728088399126784,Approved
34,2216883487142359808,Not Approved
35,41901781976476672,Not Approved
36,686905329240415232,Approved
37,677271186488669696,Not Approved
38,1347618836918130688,Not Approved
39,277237181622085632,Not Approved
40,760950293497113600,Not Approved
41,1793332393680035328,Not Approved
42,378300777226062080,Approved
43,1497487387535465728,Not Approved
44,1361051871822951424,Approved
45,338976759320870144,Not Approved
46,913159217280587264,Approved
47,977559178295919872,Approved
48,4523455718847744,Not Approved
49,755418612542844416,Approved
50,2148415844853340928,Not Approved
51,2276114318132676352,Not Approved
52,1364664850091501312,Not Approved
53,1301317828494920960,Approved
54,2165902075055208704,Not Approved
55,1964504578109983232,Not Approved
56,968968271427540480,Not Approved
57,643687902856158208,Not Approved
58,880512070560864512,Not Approved
59,363541090164015360,Not Approved
60,1147624798364392960,Not Approved
61,1084556550171344640,Not Approved
62,630981680482436864,Not Approved
63,750588968104397312,Not Approved
64,753316151520356352,Not Approved
65,651401291282062080,Not Approved
66,48283286553678848,Not Approved
67,104104763763597824,Not Approved
68,1022006555410851840,Not Approved
69,1667960557485808128,Not Approved
70,281465024033803776,Not Approved
71,466623204835317760,Not Approved
72,1667890319712287488,Not Approved
73,355187702600953600,Not Approved
74,72010978690933504,Not Approved
75,73017781092162304,Approved
76,1983657415382334976,Approved
77,1803045475808785664,Not Approved
78,1542787474276147200,Not Approved
79,1585189182442735616,Not Approved
80,283158534314326272,Approved
81,776958106823257344,Not Approved
82,1545736142455725312,Not Approved
83,690104310413503232,Not Approved
84,1023648623133010432,Approved
85,1059419707469658112,Not Approved
86,172370305752972288,Approved
87,1625960182977361664,Not Approved
88,508945422764850176,Not Approved
89,1292732714929350400,Not Approved
90,1568401440655169792,Not Approved
91,178982592513325312,Not Approved
92,1654524205726731008,Not Approved
93,267528823403864576,Not Approved
94,1968202245182248960,Approved
95,1211562213483950336,Not Approved
96,79638253655330304,Not Approved
97,2151575782020284416,Not Approved
98,476961624216748800,Approved
99,260349387521736704,Approved
100,581501539872343040,Not Approved
101,993503461442204416,Approved
102,1027248743176764416,Not Approved
103,165137311055199744,Not Approved
104,3533345089417984,Not Approved
105,2219158690643180032,Approved
106,1622884733306547712,Not Approved
107,946282649013854208,Not Approved
108,1129173391686272512,Not Approved
109,1733001364604936704,Not Approved
110,1695770976418940160,Not Approved
111,1053250217402385664,Approved
112,1235309451900303616,Approved
113,1106043396785155072,Not Approved
114,536647926289091072,Approved
115,1655193844786659840,Approved
116,70524933037345536,Not Approved
117,1748946971941687296,Not Approved
118,1862347666124983040,Not Approved
119,2166459155435334400,Not Approved
120,2045213614285419264,Not Approved
121,232521676943732992,Not Approved
122,998120933744423680,Not Approved
123,173679606965569024,Not Approved
124,193978920812816896,Not Approved
125,2188384259223079424,Not Approved
126,494749061666263808,Not Approved
127,924469824423228672,Not Approved
128,1205789645900100096,Not Approved
129,1017300487220593408,Not Approved
130,2006138586516131328,Not Approved
131,1504515443317917952,Not Approved
132,1312758449110271488,Not Approved
133,1853665487833538304,Not Approved
134,831943450686305792,Not Approved
135,423058440992274176,Not Approved
136,184525016858597376,Not Approved
137,494394538966882816,Not Approved
138,1060738361083155200,Not Approved
139,1485354231786294784,Not Approved
140,27778026650003968,Not Approved
141,733595445512232704,Not Approved
142,1009810557005056256,Not Approved
143,980610727729065728,Not Approved
144,1425986004904160768,Not Approved
145,1299080718185050368,Not Approved
146,790659129586450688,Not Approved
147,1517548316900963072,Not Approved
148,1566744763723807232,Not Approved
149,807857331159329536,Not Approved
150,2299982562063220224,Not Approved
151,1682466254565241344,Not Approved
152,262818253689757952,Approved
153,1828711110149331456,Not Approved
154,2225042256725281536,Not Approved
155,622528956262182912,Not Approved
156,59165627797842944,Not Approved
157,497438250372428032,Not Approved
158,543147287627859712,Not Approved
159,1706522717169469952,Approved
160,1542915090327796736,Approved
161,1702786468034978816,Not Approved
162,1852804617376154368,Not Approved
163,2185254218565037056,Not Approved
164,661475945407380480,Not Approved
165,699130775314446592,Not Approved
166,1094319702326647808,Approved
167,82316772319273728,Not Approved
168,1257631472934505984,Approved
169,960005047461166080,Not Approved
170,2128027764515478272,Not Approved
171,1498964858558017024,Not Approved
172,1915409893139630080,Not Approved
173,1866686550566867456,Not Approved
174,203203225286588928,Not Approved
175,1079224374118365440,Not Approved
176,352495040370550272,Not Approved
177,491282515200777216,Not Approved
178,686167439318460928,Not Approved
179,1128772991562473984,Approved
180,1730228398580129536,Not Approved
181,1968427098061617664,Not Approved
182,1103705131740259584,Not Approved
183,64416822347923968,Not Approved
184,2217885833231774464,Not Approved
185,2167250636861004800,Not Approved
186,2242275770800952320,Not Approved
187,2266126334407141632,Not Approved
188,1978742790369089536,Not Approved
189,1542987150723255040,Not Approved
190,2220826840750468864,Not Approved
191,1541506211510347520,Not Approved
192,634287763109782016,Not Approved
193,455747272314120960,Approved
194,658927248228271616,Not Approved
195,1458407682462294272,Not Approved
196,1136511026789385728,Not Approved
197,369494521152632064,Not Approved
198,811554350824050176,Not Approved
199,875911937319573760,Not Approved
200,985703639316660992,Not Approved
201,1546598697364653312,Not Approved
202,1071931400896084992,Not Approved
203,859790029809587456,Not Approved
204,1101729233274936576,Not Approved
205,710996461688830976,Approved
206,1808334488369959168,Not Approved
207,76267191862359808,Not Approved
208,65525965032037888,Not Approved
209,4694017504147968,Not Approved
210,1923886180780226304,Not Approved
211,1197145860818894848,Not Approved
212,974164214365749248,Approved
213,2112097526128358656,Not Approved
214,1108857553922843648,Not Approved
215,1996046924655479296,Approved
216,1774457163415345408,Not Approved
217,799369436986838016,Not Approved
218,238632024444312576,Not Approved
219,1805805375337737472,Not Approved
220,695439468080698880,Not Approved
221,1366152514280499200,Not Approved
222,1236185329967683328,Not Approved
223,1092117832114169856,Approved
224,359668560418249216,Not Approved
225,1095471509772059392,Not Approved
226,2067569398411365888,Not Approved
227,923727381447288576,Not Approved
228,844851999017242368,Not Approved
229,271709329951138048,Not Approved
230,1021735742394800896,Approved
231,1780711800523400448,Not Approved
232,1760979376639760640,Not Approved
233,1692057528816558080,Not Approved
234,979665008566428928,Not Approved
235,1956707341461059584,Not Approved
236,1395589435904622848,Not Approved
237,1537118247006047488,Not Approved
238,346696531521072640,Not Approved
239,1130306559398067456,Not Approved
240,1875137486804710144,Not Approved
241,2225071568855988480,Not Approved
242,481137149990092032,Not Approved
243,176738482359543296,Not Approved
244,1091996596998465024,Not Approved
245,1575762982696960,Not Approved
246,867914881808517376,Not Approved
247,2263609246266868480,Not Approved
248,1162345503596949504,Not Approved
249,973112449622264832,Not Approved
250,1047245250274542080,Not Approved
251,389689457439869696,Not Approved
252,932553609223981056,Not Approved
253,142727608983342592,Approved
254,298437344745311488,Not Approved
255,1443753763886688768,Approved
256,383365531420218112,Not Approved
257,578204289092892672,Not Approved
258,1918051999112010752,Not Approved
259,1339496044770199552,Not Approved
260,1971320413543310592,Not Approved
261,960197664632878592,Not Approved
262,469434130215379712,Not Approved
263,137232741006752256,Not Approved
264,1310572189214387456,Not Approved
265,1590459845471786496,Not Approved
266,1678706479318297344,Approved
267,1583539325613188608,Approved
268,895713887699915264,Not Approved
269,512897093755495424,Not Approved
270,42024856987164416,Not Approved
271,307987346440101120,Not Approved
272,600108200623927296,Not Approved
273,1283291081539268864,Not Approved
274,1450099375602815232,Not Approved
275,1450522311707225600,Not Approved
276,933406332501298944,Not Approved
277,133287664061047808,Not Approved
278,1537696291980764928,Not Approved
279,267862680825742336,Approved
280,1161808287495086592,Not Approved
281,389723577376496128,Approved
282,1025967998154655488,Not Approved
283,690711805734673920,Not Approved
284,2156857220096544000,Not Approved
285,958151973008656640,Approved
286,1056785467042074112,Not Approved
287,1747342955615616000,Approved
288,941373091366296832,Not Approved
289,491343422417419520,Not Approved
290,1236698786830748416,Not Approved
291,979125618094574336,Not Approved
292,1795076874195360512,Not Approved
293,1513855954166818560,Not Approved
294,1282134522503113472,Not Approved
295,1973532956395710464,Not Approved
296,775644317990916352,Not Approved
297,1358454052088393472,Not Approved
298,1705862605736118016,Not Approved
299,227879511558926592,Not Approved
300,1471003530858867456,Not Approved
301,704597655925686528,Not Approved
302,1043183744450066688,Not Approved
303,164650317271099136,Not Approved
304,714894275366523648,Not Approved
305,481709394047369216,Not Approved
306,1274877409512055040,Not Approved
307,1335707883715250944,Not Approved
308,747155017033112064,Approved
309,1056389670378464000,Not Approved
310,63391724755830016,Approved
311,1545760932050656768,Approved
312,28491158231559168,Not Approved
313,550394327296,Not Approved
314,1697432521271716352,Approved
315,87805065501789696,Not Approved
316,1948604219697389568,Not Approved
317,132779067809582080,Approved
318,1814788872886699520,Not Approved
319,477566301912527360,Not Approved
320,1325877944651719680,Not Approved
321,1322983359941020416,Not Approved
322,1970557978730942464,Not Approved
323,2153503211759485440,Not Approved
324,1989080035320784384,Not Approved
325,337141531512344320,Not Approved
326,1701077801782668800,Not Approved
327,175421713081416704,Not Approved
328,831085425744753408,Not Approved
329,1533606189758362368,Not Approved
330,358240045820402944,Not Approved
331,2251575376764394240,Not Approved
332,1146263721023452672,Approved
333,2196101646031750144,Approved
334,31653608605096448,Not Approved
335,1024850387904906496,Not Approved
336,1944878118847306240,Not Approved
337,1969288082010274048,Not Approved
338,529629084240014336,Not Approved
339,481869111952843264,Not Approved
340,290543241516236544,Not Approved
341,1642093341127500288,Not Approved
342,1743206817041144832,Not Approved
343,609771784425750528,Not Approved
344,1741871521143107840,Approved
345,68041485379800320,Not Approved
346,2047001899330770688,Approved
347,1054745333804595712,Not Approved
348,1212634582580076800,Not Approved
349,621142023634652160,Not Approved
350,146300540009963264,Approved
351,115629371313644032,Not Approved
352,369182682369918464,Not Approved
353,83303897864160000,Not Approved
354,487326095745811968,Not Approved
355,1565310553100147200,Approved
356,47303518804574976,Not Approved
357,1086217149794939648,Not Approved
358,745151203373685248,Not Approved
359,1056913288911452160,Not Approved
360,951744296514517760,Approved
361,219745800924266240,Approved
362,61177420787547392,Not Approved
363,1283382351637665280,Not Approved
364,1268777368982404096,Not Approved
365,441163682158526208,Not Approved
366,2022197626285565440,Not Approved
367,1832612522200082688,Approved
368,1097109381587029760,Not Approved
369,50941630462021632,Not Approved
370,1218671392260863232,Not Approved
371,1125400195079049728,Not Approved
372,1148981571467628032,Not Approved
373,905045499609208832,Not Approved
374,716807141048818176,Not Approved
375,588566925689350400,Not Approved
376,755856710790883328,Not Approved
377,1485539321549600000,Not Approved
378,1993904318856153856,Not Approved
379,31852519464357120,Not Approved
380,201069854593583872,Not Approved
381,1774151863644612096,Not Approved
382,1530263815642852608,Not Approved
383,2073769697603484160,Not Approved
384,357631218499893760,Not Approved
385,824052538773823232,Not Approved
386,602225317744710912,Not Approved
387,1208607403358803968,Not Approved
388,1915899454416908544,Not Approved
389,610678932246741504,Not Approved
390,62628817501510656,Not Approved
391,2015268301926306560,Approved
392,2195931359994894848,Approved
393,2151344648141044992,Not Approved
394,2133291169113279744,Approved
395,410541040250504960,Approved
396,2219935138183707904,Not Approved
397,1713016084503123968,Not Approved
398,267988265068359168,Approved
399,1701334406749374720,Not Approved
400,486209208056482816,Not Approved
401,579335403597350144,Not Approved
402,1926162375330499328,Not Approved
403,281674297174654720,Not Approved
404,551055225191462400,Approved
405,2063448227548717056,Not Approved
406,347093481928557312,Not Approved
407,1087167119986722048,Not Approved
408,1877754039048887040,Not Approved
409,819624486197395200,Not Approved
410,141610585603335936,Not Approved
411,148250719650089728,Approved
412,1038584984044814080,Not Approved
413,2295231378435472128,Not Approved
414,298459001502403328,Not Approved
415,1954201116755655680,Not Approved
416,1985723088876339200,Not Approved
417,14771438263879680,Not Approved
418,2101726116481195008,Approved
419,1290006719948531712,Not Approved
420,1621586841905304576,Not Approved
421,345236678849886464,Not Approved
422,1041863920391523328,Not Approved
423,1602236194384478464,Approved
424,2122811040502972160,Not Approved
425,1730329843960716800,Not Approved
426,841789170299227904,Not Approved
427,2149975519271668224,Not Approved
428,1497300884961507328,Approved
429,374019449051769088,Not Approved
430,2245187822733202944,Not Approved
431,1822141692483258880,Not Approved
432,2059278619126914816,Not Approved
433,149813997918102016,Not Approved
434,151250720853639168,Approved
435,2174573522325405952,Not Approved
436,1892601197776200960,Not Approved
437,1088772757514419712,Not Approved
438,178472719686493952,Not Approved
439,742165706131249664,Not Approved
440,70642620990174464,Not Approved
441,135116389813529856,Not Approved
442,1890576674690573568,Approved
443,1038132191982358784,Not Approved
444,675091883835590912,Approved
445,1357027664023847424,Not Approved
446,546285683473174016,Not Approved
447,634111939424370432,Not Approved
448,1126343800338764544,Not Approved
449,1086237702675472640,Not Approved
450,690299585164991232,Not Approved
451,968358156243242752,Not Approved
452,622845889377510656,Not Approved
453,1283240570604206592,Not Approved
454,1189069045073675008,Not Approved
455,1046409909683985408,Not Approved
456,1183563111043194880,Not Approved
457,418492079857292544,Not Approved
458,692948030481516288,Approved
459,2004655086958487296,Not Approved
460,1320043581099890432,Approved
461,211449060533888256,Not Approved
462,1402109881777965824,Not Approved
463,1256906467367899136,Not Approved
464,196616519236167680,Not Approved
465,1183294336381173504,Not Approved
466,1046403860935020544,Not Approved
467,1470707954426021120,Not Approved
468,527240873556253952,Not Approved
469,2073853353964937216,Not Approved
470,1150831429556964352,Not Approved
471,324009514615095296,Not Approved
472,1966786405693368576,Approved
473,148196270610553344,Not Approved
474,2056703618309611520,Not Approved
475,900573205755856640,Approved
476,355233178355436800,Not Approved
477,1742554716022156288,Not Approved
478,456372991495555328,Not Approved
479,431473245523282176,Approved
480,1287026717930930944,Not Approved
481,1363433550028120320,Not Approved
482,344243667748291584,Not Approved
483,1685522838290689024,Not Approved
484,290328879374202112,Not Approved
485,2079560125299755520,Not Approved
486,103615054270731008,Not Approved
487,1973386577842303744,Not Approved
488,2257434424903768064,Not Approved
489,1225743466098979584,Not Approved
490,2042668899120482304,Not Approved
491,889467386426244096,Not Approved
492,1875060723685155328,Not Approved
493,1531981801323890944,Not Approved
494,2085381224220439296,Not Approved
495,2123016103949358848,Not Approved
496,1978796066671472896,Approved
497,1839935552781935616,Not Approved
498,1191962373454537984,Not Approved
499,650133185414311424,Not Approved
500,1132934184864637440,Not Approved
501,1377370936081381120,Not Approved
502,1273026038127895808,Not Approved
503,768879596787112960,Not Approved
504,1418089960745580288,Approved
505,1967529030145009920,Not Approved
506,182068074254135552,Not Approved
507,1574433072053300736,Not Approved
508,744190193768740096,Approved
509,1839259069752589824,Not Approved
510,685237471830470144,Not Approved
511,1585800958149923328,Not Approved
512,991349090254495488,Not Approved
513,474395911494028544,Not Approved
514,192609905025518592,Not Approved
515,999487243567239424,Not Approved
516,1364934066908207616,Not Approved
517,1715913535985953024,Not Approved
518,1715012058307232000,Not Approved
519,363178660924118272,Not Approved
520,1802751576322103552,Not Approved
521,428777363798065920,Not Approved
522,929269686720225280,Not Approved
523,957127170514657536,Not Approved
524,342349138249339136,Not Approved
525,1167863557700556800,Not Approved
526,539278259637047040,Approved
527,723633952764399872,Not Approved
528,50303246702966272,Not Approved
529,2303354286849803008,Not Approved
530,850412378130908672,Not Approved
531,869101078361089280,Approved
532,1357337944514902016,Not Approved
533,212776028859809792,Not Approved
534,1528279233407632640,Approved
535,891682366044623104,Not Approved
536,1329744071697619712,Not Approved
537,89739518613854976,Approved
538,1628094089759315968,Not Approved
539,1799824134231566080,Not Approved
540,488766883345479680,Not Approved
541,2098183120741210112,Not Approved
542,2076434517306136576,Not Approved
543,970853045883471616,Not Approved
544,735444790669794560,Not Approved
545,271754236013052928,Not Approved
546,1806778725741934592,Not Approved
547,827475891649746432,Not Approved
548,1514421207185900032,Not Approved
549,1011843172438663936,Not Approved
550,2198780841317657600,Approved
551,1259049623905839360,Not Approved
552,1637039110958932480,Approved
553,803824817034047488,Not Approved
554,66248669611168000,Not Approved
555,1750567473280270336,Approved
556,291085314225988352,Not Approved
557,892942432738213632,Not Approved
558,2160138730894572288,Not Approved
559,2047961997551416832,Not Approved
560,650087070813940992,Not Approved
561,1516261444972048128,Not Approved
562,982927542378623744,Not Approved
563,1259000239056350208,Not Approved
564,843326311721210368,Not Approved
565,1242052002721511680,Not Approved
566,1602546018428236544,Not Approved
567,827866520690320128,Not Approved
568,1063736926653522432,Approved
569,1537307743678130944,Not Approved
570,1603488938429385216,Not Approved
571,4870608815242240,Not Approved
572,510740793721122048,Not Approved
573,862269575218179584,Not Approved
574,27128125449377280,Not Approved
575,1272829193101657344,Approved
576,1041946637479842304,Not Approved
577,2295362471841946368,Not Approved
578,257186085435745024,Approved
579,2085848677711175936,Not Approved
580,1412584348145452288,Not Approved
581,4687778214534400,Not Approved
582,1924488315139873792,Not Approved
583,435535938061322752,Not Approved
584,1636797172834557696,Approved
585,587653715497068800,Approved
586,447161819030821120,Approved
587,2008984631425581056,Not Approved
588,1359565485178118912,Not Approved
589,844866621794662400,Not Approved
590,1372793012503213056,Approved
591,2112381856626769152,Not Approved
592,204639153331454976,Not Approved
593,905412825049004544,Not Approved
594,675878964825784576,Not Approved
595,98845936818338816,Not Approved
596,76915713414257152,Not Approved
597,994627016591351552,Not Approved
598,637176650211507712,Not Approved
599,1003198499046462464,Approved
600,691501904713351424,Not Approved
601,1666398680173503744,Approved
602,2205894880488859136,Approved
603,795482914812992512,Not Approved
604,2282265912168226816,Not Approved
605,964474586255100672,Approved
606,836529914864939776,Approved
607,835194002936858880,Not Approved
608,153144724871919360,Not Approved
609,764423939165336064,Not Approved
610,1862735976901864192,Not Approved
611,1779093387551921920,Approved
612,1174035153404422400,Not Approved
613,985773847760427776,Not Approved
614,1043841920228590336,Approved
615,497584819411221504,Not Approved
616,1798554295634347264,Approved
617,1529158110558703104,Not Approved
618,459954664829553408,Not Approved
619,453038130278908416,Not Approved
620,193681352960409344,Approved
621,1218685611341190144,Not Approved
622,1116966330279417600,Not Approved
623,1988583632784670720,Not Approved
624,1789784765114133248,Not Approved
625,1114359102979651328,Not Approved
626,162445335532569856,Not Approved
627,690853944540715520,Not Approved
628,1927356052990991616,Not Approved
629,1399158673651082752,Not Approved
630,659814460673538304,Approved
631,2245080812320178944,Not Approved
632,1145804281140548608,Not Approved
633,344357447960850688,Not Approved
634,1846297118281332992,Approved
635,641950228230880000,Not Approved
636,1737084883383341056,Approved
637,1667573730879257088,Not Approved
638,1562824343534583552,Not Approved
639,91971549228382720,Not Approved
640,286059125116155648,Not Approved
641,2070168034586590720,Not Approved
642,1969021098742987264,Not Approved
643,858949957175009280,Not Approved
644,1003353585604944640,Not Approved
645,887545238499935232,Not Approved
646,775043054749340416,Not Approved
647,374292030495562240,Not Approved
648,1888154394956002560,Approved
649,642169456243004928,Not Approved
650,1637369368067892224,Not Approved
651,1715071585689034240,Not Approved
652,55782446338736128,Not Approved
653,2275823194826050304,Not Approved
654,198721514706079232,Not Approved
655,426535468067937024,Not Approved
656,1076797918324941824,Not Approved
657,1542094455557257728,Not Approved
658,1222288794552098816,Not Approved
659,1001736662658018048,Not Approved
660,1651953500779361280,Not Approved
661,581366580518245888,Approved
662,616096258023498752,Not Approved
663,1367883704361842688,Not Approved
664,359908419639207168,Not Approved
665,108713218560378624,Not Approved
666,1464451910264617472,Not Approved
667,44872552381761536,Not Approved
668,1248325590716149248,Not Approved
669,1791073514964917248,Not Approved
670,1080681022727374080,Not Approved
671,1837015160026920960,Not Approved
672,1031470698396381696,Not Approved
673,976092876743266816,Not Approved
674,2108966459899020032,Not Approved
675,1898255950791766784,Approved
676,120429924921741056,Not Approved
677,1332289963589067008,Not Approved
678,1405286886477539328,Not Approved
679,1836721826905826560,Not Approved
680,1677215850945456384,Not Approved
681,224275651257585152,Approved
682,1079651463546705152,Not Approved
683,1498463592466397952,Not Approved
684,308398645808829952,Not Approved
685,947144101510838528,Not Approved
686,996830107168881152,Not Approved
687,193037644149498368,Not Approved
688,8657228430574080,Approved
689,1573166888510754560,Not Approved
690,2037317814172488960,Not Approved
691,802581774448146944,Not Approved
692,745812668324680704,Approved
693,1713506163779505664,Not Approved
694,364990637651860480,Not Approved
695,1423750299921141248,Not Approved
696,1065111647206838784,Approved
697,292469796423543040,Not Approved
698,1950335418602921728,Not Approved
699,291701763654429184,Not Approved
700,696099831748129792,Not Approved
701,1975765790100139264,Approved
702,2149047050478910976,Approved
703,991280789317304064,Not Approved
704,1149652895225803008,Approved
705,439844842454978816,Not Approved
706,1945350737330072832,Not Approved
707,1875900948292133376,Not Approved
708,1579615934759917824,Not Approved
709,1141907045980231424,Not Approved
710,125546188554977280,Not Approved
711,1057500869823524864,Not Approved
712,518818092097199360,Not Approved
713,1818060557896639488,Not Approved
714,245236145666569728,Not Approved
715,1726784430174349056,Not Approved
716,1177844740590216960,Not Approved
717,1703472135174004736,Approved
718,434001328273620480,Not Approved
719,2294124009146785280,Not Approved
720,664770853011369984,Not Approved
721,372037161166484224,Not Approved
722,570404881828560640,Approved
723,985898230593399040,Approved
724,88616708331973632,Not Approved
725,727644021323207680,Not Approved
726,1921859950886707968,Not Approved
727,1290637529669411840,Approved
728,224699939223011072,Not Approved
729,310342167883338240,Not Approved
730,275527461909089280,Not Approved
731,1205708354526205696,Not Approved
732,700990577891560448,Not Approved
733,192700000044917248,Approved
734,1962005987152882176,Approved
735,148550379663451136,Approved
736,2063494342236360960,Not Approved
737,1100171431010448640,Not Approved
738,1171902618236695040,Approved
739,164015264960838656,Approved
740,1810088966906907136,Not Approved
741,1916480100082018816,Not Approved
742,1869296432765157632,Not Approved
743,2246189308219745536,Not Approved
744,133083510919079168,Approved
745,860864668356392192,Not Approved
746,323209729499350272,Not Approved
747,1941837377970787072,Not Approved
748,236650074713352960,Not Approved
749,1874541385956791552,Not Approved
750,957910613470043648,Approved
751,223738479001888000,Not Approved
752,456720540701244928,Not Approved
753,57599900396094720,Not Approved
754,1471927692927349760,Not Approved
755,1307095228018893056,Not Approved
756,607070703812265472,Not Approved
757,919366239780275200,Not Approved
758,1988194410618382080,Not Approved
759,805346916636904448,Not Approved
760,176768436139725824,Approved
761,1665150404927819776,Not Approved
762,1382132473225120768,Not Approved
763,282430561943194880,Not Approved
764,309846164286473728,Not Approved
765,1032050477916484096,Not Approved
766,62208685302094336,Not Approved
767,156795699945061632,Not Approved
768,437017361363847680,Not Approved
769,1947339210925908736,Not Approved
770,1742899323889282048,Not Approved
771,629367163328945664,Not Approved
772,665594388049152512,Not Approved
773,936540880759569920,Not Approved
774,2293952826980170240,Not Approved
775,1863470498642731776,Not Approved
776,1383835249319162112,Not Approved
777,2213850539712256512,Not Approved
778,494181745260257024,Not Approved
779,1120451971390804480,Approved
780,697486265974959360,Not Approved
781,1176864958618128896,Not Approved
782,325584086005621760,Approved
783,1695529297152722688,Not Approved
784,24722919026950912,Not Approved
785,75110159801630976,Not Approved
786,811651921139454720,Not Approved
787,1223333906356209664,Not Approved
788,2258182238856910848,Not Approved
789,1432956056066970368,Approved
790,664717064553559296,Not Approved
791,665419593791888640,Not Approved
792,611433227048726528,Approved
793,715170942224186880,Not Approved
794,1600442423144370944,Not Approved
795,985283467668192768,Not Approved
796,540530634565704960,Not Approved
797,39600907667229696,Not Approved
798,1228480622995821056,Not Approved
799,1260045120580384256,Not Approved
800,1816138262055175936,Not Approved
801,1877215667195459584,Not Approved
802,921055411179549952,Not Approved
803,1135730272359164416,Not Approved
804,477469611204161280,Not Approved
805,1993673061091921920,Not Approved
806,1880228626157166848,Not Approved
807,992406172203776000,Approved
808,21130318359894016,Approved
809,44677074575281920,Not Approved
810,284471857350923264,Not Approved
811,741956684816807168,Approved
812,12863846799702016,Not Approved
813,1940878628338990848,Not Approved
814,1718037080128405760,Not Approved
815,197656948068467456,Not Approved
816,1522805096473916160,Not Approved
817,1813197587300637696,Not Approved
818,1103169144151213568,Not Approved
819,1154063361829341696,Not Approved
820,1490266844040556288,Approved
821,2192703420607482368,Not Approved
822,1165230875519287552,Not Approved
823,490021733095928576,Not Approved
824,597078533881248768,Not Approved
825,1519632004313665280,Not Approved
826,509440651766342400,Not Approved
827,621995463077337344,Not Approved
828,271646061209283584,Not Approved
829,564694748449547264,Not Approved
830,2227072627800915712,Not Approved
831,1933009595057202432,Not Approved
832,1532146057129418240,Not Approved
833,726393104081333504,Not Approved
834,162175049329648128,Not Approved
835,1660055000762054400,Not Approved
836,491191097424070400,Not Approved
837,1957905008253125632,Not Approved
838,1133318865040483584,Not Approved
839,174149619077635072,Not Approved
840,1854182507662846976,Not Approved
841,462912128001478400,Not Approved
842,1400763004906600704,Approved
843,198349925120945664,Not Approved
844,601229386581752576,Not Approved
845,1754737719755016960,Approved
846,1871415389880030720,Not Approved
847,1640189765432418304,Not Approved
848,2155490052316931584,Not Approved
849,538081525529980672,Not Approved
850,1608084533612725504,Not Approved
851,88224935717999360,Not Approved
852,33871637443542272,Approved
853,1486956918348918528,Not Approved
854,167008966468000256,Approved
855,377534910299262464,Approved
856,2122822689281026048,Not Approved
857,1141589615731234560,Not Approved
858,1167188546008772096,Not Approved
859,362510073548821248,Not Approved
860,731863459550118912,Approved
861,1603997404724239616,Not Approved
862,1633335530172708096,Not Approved
863,452469086826528000,Not Approved
864,546999545924491776,Not Approved
865,1292103423416339712,Not Approved
866,1276710501904603392,Not Approved
867,1587947018755443712,Not Approved
868,2057952594304403968,Not Approved
869,2006794365969282816,Not Approved
870,1462113550525947136,Not Approved
871,1854475374532229120,Not Approved
872,1333684070587260160,Not Approved
873,2272428609681784064,Not Approved
874,446357458252686080,Not Approved
875,1088976021901700096,Not Approved
876,1848314961497201152,Not Approved
877,975284256550172928,Not Approved
878,1136965795721414144,Not Approved
879,100082201952491520,Not Approved
880,2249684447689257984,Not Approved
881,21324338268595968,Not Approved
882,1755421208382898176,Not Approved
883,733248282259323136,Not Approved
884,657608292827521536,Not Approved
885,1629673131518822656,Not Approved
886,2115300098299953152,Not Approved
887,2202424611238192640,Not Approved
888,1283532990523758080,Approved
889,1226284019235358720,Not Approved
890,1993939761172142080,Approved
891,1851697127436760320,Not Approved
892,16477366245581056,Not Approved
893,2128038452044856832,Not Approved
894,2010393830505201152,Not Approved
895,1439578513736034048,Approved
896,183160218627266560,Not Approved
897,544813214790076672,Not Approved
898,2125093581556416256,Not Approved
899,138747382014822656,Not Approved
900,2295686427686544896,Not Approved
901,530190741873716480,Approved
902,2117122534242546944,Not Approved
903,45305616877415680,Not Approved
904,1852159000856554752,Not Approved
905,1621375548570765312,Not Approved
906,333835752418002176,Not Approved
907,1105679856325302272,Not Approved
908,501256347711819520,Not Approved
909,2055316088251874816,Not Approved
910,1673490127597565440,Not Approved
911,304157944545302784,Not Approved
912,2264964458641524480,Not Approved
913,1705875671738024704,Approved
914,2137355732099644928,Not Approved
915,771078206645238272,Not Approved
916,1106574871976086528,Not Approved
917,657864812563062272,Not Approved
918,45465779147619328,Not Approved
919,456245588902047488,Not Approved
920,1892971900535695616,Not Approved
921,1548037777155405568,Not Approved
922,1957845257056630784,Approved
923,465730850571417856,Not Approved
924,1918505074531873536,Not Approved
925,1198472070974381312,Not Approved
926,545965621153208064,Not Approved
927,1502690766462382848,Not Approved
928,1375100750247357696,Not Approved
929,999637161755751168,Not Approved
930,1923645125099718400,Not Approved
931,518100721837684992,Not Approved
932,2144408804231846912,Not Approved
933,1959199135844044032,Not Approved
934,1884406361553778688,Approved
935,364444822651289344,Not Approved
936,338858879912543744,Not Approved
937,1951628757046091264,Approved
938,176109284357198592,Approved
939,1619465551111544064,Not Approved
940,321347276181250048,Not Approved
941,1013630885324647680,Not Approved
942,520617543540095744,Approved
943,2012559314666660864,Not Approved
944,1690998113040414976,Not Approved
945,595862547368113152,Not Approved
946,1104792523826457344,Not Approved
947,476879849178874624,Not Approved
948,1075717649793478912,Not Approved
949,1609762495462468352,Not Approved
950,467567988720943616,Not Approved
951,167127709738266368,Not Approved
952,1942960157741853184,Not Approved
953,1474336389020912640,Not Approved
954,1309576115340294144,Not Approved
955,1414617401227969792,Not Approved
956,25019730898701056,Not Approved
957,942223116532527872,Approved
958,952125542993627136,Not Approved
959,2010314005402148096,Not Approved
960,1379184080672545792,Not Approved
961,302827065934957824,Not Approved
962,893231561744308736,Not Approved
963,720860023448209664,Not Approved
964,1740023299133139200,Not Approved
965,1731072718654033664,Not Approved
966,1824013919286879488,Not Approved
967,101920994537826048,Not Approved
968,819114413858027776,Not Approved
969,1185970448009491712,Not Approved
970,2239385650605711616,Not Approved
971,823190102899186176,Not Approved
972,590429751054537216,Not Approved
973,1565917896915594752,Approved
974,1428032007537232128,Not Approved
975,1207119882373287936,Approved
976,1708236760345806848,Not Approved
977,1813101198298421248,Not Approved
978,1678111545280652288,Not Approved
979,193623826935734016,Not Approved
980,1908372750453142528,Not Approved
981,1202993409211518208,Not Approved
982,1899524556989076736,Not Approved
983,311843507126476800,Not Approved
984,2104753083673527552,Not Approved
985,1843962934020692480,Approved
986,2298067679671517696,Not Approved
987,434754542936684288,Not Approved
988,2006749527390570240,Not Approved
989,682441933242756096,Not Approved
990,993625057210535168,Not Approved
991,2010004381465233920,Not Approved
992,369491711204356096,Approved
993,1525324407528297216,Approved
994,104747458920006912,Approved
995,99141046143252224,Not Approved
996,345552628850527744,Not Approved
997,2231913372356778752,Not Approved
998,857264963653157888,Not Approved
999,1352013200965436928,Not Approved
1000,1132177167827480576,Not Approved
1001,1701746897058770944,Not Approved
1002,771088423496277504,Not Approved
1003,1384084926052644608,Approved
1004,937490664792622592,Not Approved
1005,1670720363826379776,Not Approved
1006,1479881522747186944,Not Approved
1007,1032539782741282304,Not Approved
1008,1649731225184862976,Not Approved
1009,1735233868956147712,Approved
1010,671822628558084352,Not Approved
1011,859578034007764224,Not Approved
1012,899898657756472064,Not Approved
1013,1872009897965145344,Not Approved
1014,2133735398081585408,Approved
1015,2246556248776775680,Not Approved
1016,491536973101991680,Not Approved
1017,1943573972829154304,Not Approved
1018,2147906205660994560,Approved
1019,2164923846066224640,Not Approved
1020,1563721870925055744,Not Approved
1021,1684073329588658176,Approved
1022,131715964755409152,Approved
1023,1643166171361251072,Not Approved
1024,1275249127071723776,Approved
1025,867921640948621056,Approved
1026,1646823569693155328,Not Approved
1027,805767501263211008,Approved
1028,112922596198413056,Approved
1029,2284731222830713088,Not Approved
1030,1060104864064026880,Approved
1031,502158311395947264,Not Approved
1032,1845298675054376960,Not Approved
1033,575575306960293632,Approved
1034,2104469738495482624,Not Approved
1035,250551626426939392,Not Approved
1036,1791429494332478720,Approved
1037,1621231247790019840,Approved
1038,1912815180029169920,Not Approved
1039,375809846067890688,Not Approved
1040,373818639911270144,Not Approved
1041,303776702236537600,Not Approved
1042,1274821993469606912,Not Approved
1043,299202770829532416,Not Approved
1044,1501348141245116416,Approved
1045,214732265485441536,Not Approved
1046,2085060512267891200,Not Approved
1047,1381391290763286272,Not Approved
1048,1470402030151233536,Approved
1049,950668979404275968,Not Approved
1050,531669294413903360,Not Approved
1051,1475754604114312704,Not Approved
1052,394236889332140544,Approved
1053,339360802528945920,Not Approved
1054,727795705362441984,Not Approved
1055,1425094239327407104,Not Approved
1056,242776721967457536,Approved
1057,1785073050780136448,Approved
1058,137072219254713344,Not Approved
1059,912505248269377536,Not Approved
1060,58500290551974400,Approved
1061,1130168910958162688,Not Approved
1062,804344688778730752,Approved
1063,362206961273355776,Not Approved
1064,1315169520472791552,Not Approved
1065,452878763062997760,Not Approved
1066,465055036394857984,Not Approved
1067,965709971268953088,Not Approved
1068,2238982510165646080,Not Approved
1069,1964444196334329088,Not Approved
1070,2007256200594078720,Not Approved
1071,526828583699416832,Not Approved
1072,1540981690704273408,Approved
1073,1349444522040055808,Not Approved
1074,1133413096035709696,Not Approved
1075,1291415738950243072,Not Approved
1076,570650017829731328,Not Approved
1077,530975783251469056,Not Approved
1078,426450014062013184,Not Approved
1079,933462337723223040,Not Approved
1080,1912272449497683968,Not Approved
1081,1705542800836068864,Approved
1082,1561645830039694592,Not Approved
1083,167423039275632128,Not Approved
1084,550223432215526912,Not Approved
1085,2070458083064405504,Not Approved
1086,1530687709678357248,Approved
1087,155817575847933696,Not Approved
1088,1691481374143417088,Not Approved
1089,1360582684776717824,Approved
1090,2216133865496955136,Not Approved
1091,1046846372007992832,Approved
1092,611263349080393728,Not Approved
1093,194578655915157248,Not Approved
1094,1598289440411740928,Not Approved
1095,1127172773503513088,Not Approved
1096,257939070122003712,Not Approved
1097,532092481111128832,Not Approved
1098,2107524568208334336,Not Approved
1099,973610194375191552,Not Approved
1100,809671222692642816,Not Approved
1101,345204484768562432,Not Approved
1102,885110918769046016,Not Approved
1103,755609677310647296,Approved
1104,1039098749288391936,Approved
1105,604414323326110720,Not Approved
1106,1451149213308409344,Not Approved
1107,1868774937065507584,Not Approved
1108,903073209485206016,Not Approved
1109,1488578702283954688,Not Approved
1110,554616387778575616,Not Approved
1111,2269309747602729984,Not Approved
1112,895578190084309504,Not Approved
1113,804168193820123392,Not Approved
1114,170981329063857920,Approved
1115,302325100836209664,Not Approved
1116,769194567705434624,Not Approved
1117,1418781060307105792,Not Approved
1118,410175604479328256,Not Approved
1119,1382933125938829056,Not Approved
1120,1551725410102309888,Not Approved
1121,1032920421995262208,Not Approved
1122,878572798720548352,Approved
1123,1800504364752341504,Not Approved
1124,1588968587900062976,Not Approved
1125,972788825869569792,Not Approved
1126,2063612317077679360,Not Approved
1127,1269890388127473920,Not Approved
1128,2235813801134894336,Not Approved
1129,672714694306087680,Not Approved
1130,2204207392566347008,Not Approved
1131,311765467584460288,Not Approved
1132,395156431268556544,Not Approved
1133,347721666595843328,Not Approved
1134,870333422878952960,Not Approved
1135,642711580061019648,Not Approved
1136,336165031801238784,Not Approved
1137,2234179083905362944,Not Approved
1138,378828136542772224,Not Approved
1139,1762253984987843840,Approved
1140,299957795741341952,Not Approved
1141,1351111312091545600,Not Approved
1142,1382569777356185088,Not Approved
1143,1080035492221748736,Not Approved
1144,1594371354888960,Not Approved
1145,688245945495729152,Approved
1146,2056490367340703488,Not Approved
1147,1974887667202392320,Not Approved
1148,2225335120490632192,Not Approved
1149,1761524687164554496,Not Approved
1150,1737897663136374528,Approved
1151,309398505844176896,Not Approved
1152,382872964840497664,Not Approved
1153,246531436517374208,Not Approved
1154,1672589749058626304,Not Approved
1155,1267851731225768960,Approved
1156,1586614553152286464,Not Approved
1157,1671399505821264640,Not Approved
1158,1988989045984106752,Not Approved
1159,1404725550865997312,Not Approved
1160,2280022406996930816,Not Approved
1161,776237582919643648,Not Approved
1162,1477664730422325760,Not Approved
1163,509990308222246656,Not Approved
1164,1998439502909422336,Not Approved
1165,1015315116505542656,Not Approved
1166,1494638141810465024,Not Approved
1167,1498589844534265344,Not Approved
1168,863485303171686912,Not Approved
1169,541679715743514624,Not Approved
1170,832673853979475456,Not Approved
1171,2082557810851741696,Not Approved
1172,382829477481796096,Not Approved
1173,2163222939573699072,Not Approved
1174,1401834475986089728,Not Approved
1175,372927713202759168,Not Approved
1176,1842305563950244096,Not Approved
1177,634074866009340416,Not Approved
1178,1610466906573588736,Not Approved
1179,449439190828689920,Not Approved
1180,698523756906471424,Not Approved
1181,291421510504129024,Not Approved
1182,329098598974701824,Not Approved
1183,343871052108998912,Not Approved
1184,233429308972975104,Not Approved
1185,2181535369179730944,Not Approved
1186,2249378093310030336,Not Approved
1187,1774732971617199872,Not Approved
1188,2272255507894621696,Not Approved
1189,901402934072836608,Not Approved
1190,2153836916487744512,Not Approved
1191,436393906877926144,Not Approved
1192,1773764876660287488,Not Approved
1193,306592185324975104,Not Approved
1194,1439626109710780928,Not Approved
1195,1508197882536219648,Not Approved
1196,1074539444025650176,Approved
1197,1724877104176937472,Approved
1198,1692692782737814784,Not Approved
1199,82328276969975040,Not Approved
1200,131067622201718272,Not Approved
1201,2239598145541924352,Not Approved
1202,1459886518955944192,Not Approved
1203,1071837892195299840,Not Approved
1204,218462803964729856,Not Approved
1205,917570550543131904,Not Approved
1206,455100544617457920,Not Approved
1207,1101129855798363904,Not Approved
1208,442693413136648192,Not Approved
1209,2212970308975624704,Not Approved
1210,1849967626461424128,Not Approved
1211,1667579777198068480,Not Approved
1212,910142396541626112,Not Approved
1213,167758073339428352,Not Approved
1214,1546243785453356288,Approved
1215,409859661154961152,Not Approved
1216,1995019802940892928,Approved
1217,1935451036149449728,Not Approved
1218,1658779751921136384,Approved
1219,1575500304739623936,Not Approved
1220,932077481310461184,Not Approved
1221,917395016896480768,Not Approved
1222,738823522816752128,Approved
1223,292711923594904832,Not Approved
1224,1079732063438277120,Not Approved
1225,2127846800321747456,Approved
1226,642856192239233280,Not Approved
1227,1585913673487657472,Not Approved
1228,372126312075029248,Not Approved
1229,1998582894578146816,Not Approved
1230,312877141464997632,Not Approved
1231,144172614790436608,Not Approved
1232,1707840539333534976,Not Approved
1233,2191100452307594752,Not Approved
1234,1604558663514401792,Not Approved
1235,703470154384606720,Approved
1236,1033416137989115648,Not Approved
1237,1871530033077021952,Not Approved
1238,1042679905662612736,Not Approved
1239,803623457377782016,Not Approved
1240,1969707374514761728,Not Approved
1241,465496280692012288,Not Approved
1242,705380684287143168,Not Approved
1243,1812110832172143104,Not Approved
1244,1881650999852418816,Not Approved
1245,1209814240882119168,Not Approved
1246,2028658137135921152,Not Approved
1247,1753326173243382528,Not Approved
1248,1938554210953378048,Not Approved
1249,1382485666790468608,Approved
1250,1413999373649483264,Not Approved
1251,1344374873953410560,Not Approved
1252,1915013181804224000,Not Approved
1253,1031902925538000896,Not Approved
1254,936707064808196864,Not Approved
1255,1893892016049295616,Not Approved
1256,1061049589159463680,Not Approved
1257,331942060323488256,Not Approved
1258,1738663455786285056,Not Approved
1259,955548803814297856,Not Approved
1260,491112410357135360,Not Approved
1261,1714497927770960128,Approved
1262,651751771157717248,Not Approved
1263,42190162331748864,Not Approved
1264,1749754447388295936,Not Approved
1265,119570753600045312,Not Approved
1266,120270527167648512,Not Approved
1267,1761441581994236672,Not Approved
1268,166717398927575296,Approved
1269,298113936502434560,Not Approved
1270,747633486120273152,Not Approved
1271,923383263429117184,Approved
1272,1138459031816085504,Not Approved
1273,1893871627544735744,Not Approved
1274,1123875638862153984,Not Approved
1275,470112949190961920,Not Approved
1276,170195657270298880,Approved
1277,2214082705419324416,Not Approved
1278,1076868870418551808,Not Approved
1279,1485188261644090880,Not Approved
1280,664574953580921600,Not Approved
1281,1740717221207697920,Not Approved
1282,2118970516400076032,Not Approved
1283,1681498178540766464,Approved
1284,1626295946023634432,Approved
1285,1238229486577452800,Not Approved
1286,670624324609278208,Not Approved
1287,2220425259144052992,Approved
1288,1917769642788034560,Approved
1289,1349369597851279872,Not Approved
1290,92308384799697408,Not Approved
1291,11400501954664704,Not Approved
1292,1904156286920781312,Approved
1293,490375646412813056,Not Approved
1294,2171051858581012736,Not Approved
1295,1845883933986355200,Approved
1296,1154938561662929920,Not Approved
1297,329441940961258752,Not Approved
1298,899871367220249344,Not Approved
1299,792044840604158976,Not Approved
1300,2268723433135709952,Not Approved
1301,1098602212877667072,Approved
1302,1177156935575926016,Approved
1303,1861257753599528704,Approved
1304,1494538099660334336,Not Approved
1305,523702583392733952,Not Approved
1306,1571001634169876992,Not Approved
1307,1788800692768545536,Not Approved
1308,346664797035345664,Not Approved
1309,1937084546883131904,Not Approved
1310,1037822219804983296,Not Approved
1311,2301291066637468416,Not Approved
1312,1480566943854607360,Approved
1313,243272725686567936,Not Approved
1314,1763258452402619392,Not Approved
1315,1282807059620024832,Not Approved
1316,1530175817739429376,Not Approved
1317,550743385303833600,Not Approved
1318,821049888778529792,Not Approved
1319,296636118621449216,Not Approved
1320,1822337494857308672,Not Approved
1321,1487953191196218368,Not Approved
1322,763555348857806336,Not Approved
1323,340957645864574720,Approved
1324,282102658374551296,Not Approved
1325,1699424421765609728,Not Approved
1326,1301495961923492352,Not Approved
1327,1652065324004928256,Not Approved
1328,1877416571308329216,Approved
1329,450695067030745344,Approved
1330,176814795233353472,Not Approved
1331,319101771649664256,Not Approved
1332,2248226760995719424,Not Approved
1333,1139702251048661504,Approved
1334,834822753781537280,Not Approved
1335,1618699664748598784,Not Approved
1336,436122576663348480,Not Approved
1337,2181052937088890624,Not Approved
1338,857021134797312,Not Approved
1339,1891517985249278208,Not Approved
1340,1725663253084110080,Not Approved
1341,1283172132275674624,Not Approved
1342,1544474222136286976,Not Approved
1343,262938690438964480,Approved
1344,633186185462120448,Not Approved
1345,2086564396015768320,Not Approved
1346,1576213447964350720,Not Approved
1347,1882025231513267712,Not Approved
1348,873932890919853824,Not Approved
1349,221263516289381888,Approved
1350,1326679084352594176,Not Approved
1351,632062311909548288,Approved
1352,1950716724769580544,Not Approved
1353,2280484330241164288,Not Approved
1354,393854925081658880,Not Approved
1355,920309540351253760,Approved
1356,117475250334175744,Not Approved
1357,1036472410508381952,Approved
1358,1848765328227096576,Not Approved
1359,1825426348610801152,Not Approved
1360,502423574728702464,Not Approved
1361,1357007348935163392,Not Approved
1362,834796226429968640,Not Approved
1363,955933954883769344,Not Approved
1364,1230725572027081216,Not Approved
1365,1962572069778135296,Not Approved
1366,2034297888064056320,Not Approved
1367,326713326388542208,Not Approved
1368,1702191637413981440,Approved
1369,573437381942198272,Not Approved
1370,661593892777619968,Not Approved
1371,1629567450665058560,Not Approved
1372,163239262101660928,Not Approved
1373,1076494697697259008,Not Approved
1374,2070501021919900160,Approved
1375,271344381993128704,Not Approved
1376,744137691914884608,Not Approved
1377,1198140021754547200,Not Approved
1378,1398822217231693824,Not Approved
1379,1511974434487414784,Not Approved
1380,184599437194390528,Not Approved
1381,1960954059727497728,Not Approved
1382,2127216098977625088,Not Approved
1383,680004967622790400,Not Approved
1384,385106713208392704,Not Approved
1385,158977742858666240,Not Approved
1386,31684154138463232,Not Approved
1387,1810011664511712768,Not Approved
1388,597671668341984768,Not Approved
1389,892852077242114560,Not Approved
1390,1998284348894212608,Not Approved
1391,775475424304893696,Not Approved
1392,1846614584000608768,Not Approved
1393,1801268383035338496,Not Approved
1394,249772721279337984,Not Approved
1395,32798604082707712,Not Approved
1396,856798416689185792,Not Approved
1397,1654999822453012736,Not Approved
1398,998097286108553984,Not Approved
1399,44924466958691328,Not Approved
1400,984398927284232192,Not Approved
1401,1966719808645614080,Approved
1402,817323024780839680,Not Approved
1403,849039922549515520,Not Approved
1404,1894059518327118336,Not Approved
1405,1401098169478164480,Not Approved
1406,700581282952369920,Not Approved
1407,706285232828799232,Not Approved
1408,256918014219710976,Not Approved
1409,2006225932963976192,Approved
1410,923325817269559552,Not Approved
1411,71422243174482432,Not Approved
1412,2196313606629364224,Not Approved
1413,1208571457217584128,Not Approved
1414,1500982026601833216,Not Approved
1415,1275719345708302592,Not Approved
1416,1225237680482964480,Not Approved
1417,806268027917168128,Not Approved
1418,1772347727673670912,Approved
1419,2131724726280509440,Not Approved
1420,353822709609428224,Not Approved
1421,1811547426101813248,Not Approved
1422,1327426050069668608,Not Approved
1423,190562291252599296,Not Approved
1424,769077074916497920,Not Approved
1425,1097717032091956736,Not Approved
1426,1465185123075716608,Not Approved
1427,396255239560200448,Not Approved
1428,1069302976177283840,Not Approved
1429,1498305882026237952,Not Approved
1430,716717028519290624,Not Approved
1431,1725187619038060288,Not Approved
1432,1332876472637668608,Not Approved
1433,964416914647849984,Not Approved
1434,1841417674085507072,Not Approved
1435,619434612285283584,Not Approved
1436,525799275082804224,Not Approved
1437,1288770711433912576,Not Approved
1438,821225763785109248,Not Approved
1439,492745442005282304,Not Approved
1440,45606888116273408,Not Approved
1441,1714640247997533696,Not Approved
1442,407000225413087744,Not Approved
1443,1481601326362775808,Not Approved
1444,69541656704775680,Not Approved
1445,809902927402268416,Not Approved
1446,1462689469657632000,Approved
1447,919570627162932992,Approved
1448,2127859320083603968,Approved
1449,2252260302841608960,Not Approved
1450,1892425837988823296,Not Approved
1451,1326990049796382720,Not Approved
1452,1801554038408315648,Not Approved
1453,1259772265555932928,Not Approved
1454,989000422096461824,Not Approved
1455,1828813939571998976,Not Approved
1456,365232938646179072,Not Approved
1457,352391286631963392,Not Approved
1458,303889459735849728,Not Approved
1459,2057914823131804928,Approved
1460,777203640616531200,Not Approved
1461,2101101769248777216,Not Approved
1462,1930955851823460608,Approved
1463,284174292859718144,Approved
1464,1998170855477364736,Not Approved
1465,1227981780442520832,Not Approved
1466,2083345833094771712,Not Approved
1467,830050311857705984,Not Approved
1468,139472668173689088,Not Approved
1469,2286687720943862272,Not Approved
1470,2004994805633203200,Not Approved
1471,1020046938778459136,Not Approved
1472,1075694641733556224,Not Approved
1473,1517468667401027840,Approved
1474,617076451514428160,Not Approved
1475,1979663163281872128,Not Approved
1476,1292977459676487424,Approved
1477,2203770940629059328,Not Approved
1478,1789669574607630336,Not Approved
1479,734281063007680512,Not Approved
1480,146552196673632000,Not Approved
1481,1281474708788525056,Not Approved
1482,841152939885948416,Not Approved
1483,1138106326387956224,Not Approved
1484,1264030269530725376,Not Approved
1485,657732712443467776,Not Approved
1486,245459506232105728,Not Approved
1487,648939685811961600,Not Approved
1488,315355774940946176,Not Approved
1489,1469416331924897792,Not Approved
1490,1256738728412923136,Not Approved
1491,1563310685192601088,Not Approved
1492,1704988577667656960,Not Approved
1493,209020428345291008,Not Approved
1494,356136630761550848,Not Approved
1495,1784751920489778944,Approved
1496,1184931349229117184,Not Approved
1497,1324787508748813568,Not Approved
1498,7867629522096896,Not Approved
1499,1858904752691177984,Not Approved
1500,1178460360442868992,Not Approved
1501,273506784996398080,Not Approved
1502,1017611452581820416,Not Approved
1503,497644707534489344,Not Approved
1504,1963914511341025024,Not Approved
1505,1855132190955578880,Not Approved
1506,1550288609337473280,Not Approved
1507,1479317713225004288,Not Approved
1508,747203595767205120,Not Approved
1509,1981083087345341184,Not Approved
1510,406080477506992896,Not Approved
1511,1704148256341995520,Not Approved
1512,549385241558785536,Not Approved
1513,1354479646295554816,Not Approved
1514,526857066602849792,Not Approved
1515,2082071592873259776,Not Approved
1516,682481135578782976,Not Approved
1517,497018934794185728,Not Approved
1518,613907647132675072,Not Approved
1519,1490033037702214912,Not Approved
1520,159903011768775936,Not Approved
1521,549896950990190080,Not Approved
1522,2062276567294190848,Approved
1523,365829429542634240,Not Approved
1524,1984496903268629504,Not Approved
1525,739451543099728896,Not Approved
1526,1547956725464195328,Approved
1527,1764093093503715584,Not Approved
1528,1117056149379809024,Not Approved
1529,197207599429842432,Not Approved
1530,2282154320454406400,Not Approved
1531,125388794401147136,Not Approved
1532,1824619131234799872,Not Approved
1533,493589662828788224,Not Approved
1534,230407108318324736,Not Approved
1535,703575390663756032,Approved
1536,1979754062414483712,Not Approved
1537,937530077119436544,Not Approved
1538,495935598028940544,Not Approved
1539,1689985589645864192,Not Approved
1540,924127217316670208,Not Approved
1541,1214954420201898752,Approved
1542,343837350001651712,Not Approved
1543,562029556221800704,Not Approved
1544,1746596986763986432,Not Approved
1545,1226662577175714048,Approved
1546,280485193782816768,Approved
1547,2091583394732415744,Not Approved
1548,1475968584226851840,Not Approved
1549,1882011670560005120,Not Approved
1550,1576933994343995648,Not Approved
1551,1913097762513085440,Approved
1552,1992694944696653056,Not Approved
1553,1759683535101741056,Not Approved
1554,821964626486365184,Not Approved
1555,252753169623889408,Not Approved
1556,54420516057865472,Not Approved
1557,1327606925769642752,Not Approved
1558,206821234279820288,Not Approved
1559,385215097783209984,Approved
1560,692987039481578240,Not Approved
1561,1122788821890680320,Not Approved
1562,690148438623070720,Approved
1563,444513783966150400,Not Approved
1564,1856787992891356928,Not Approved
1565,1603299264063313408,Not Approved
1566,396986419193858560,Not Approved
1567,542822572819340288,Not Approved
1568,1424833121625941760,Not Approved
1569,1881233572997946368,Not Approved
1570,466785502710611456,Not Approved
1571,1738081249570845696,Not Approved
1572,213677526577169152,Approved
1573,2058935324262964480,Not Approved
1574,782488580183645184,Approved
1575,2041266558191810304,Not Approved
1576,639315082469853952,Approved
1577,2060903465937402368,Not Approved
1578,585500585167161856,Not Approved
1579,1492299949869672960,Approved
1580,731854074925323520,Not Approved
1581,2232631532583693312,Not Approved
1582,443690645404611072,Not Approved
1583,431374190088545536,Not Approved
1584,476685382425358080,Not Approved
1585,1544323784427650560,Not Approved
1586,498574732294276352,Not Approved
1587,1100592888617371904,Approved
1588,1185913971509989632,Approved
1589,615732939186539776,Approved
1590,1272425228723618048,Not Approved
1591,2001216581688045056,Approved
1592,1851318268518061056,Not Approved
1593,1377789254627156480,Not Approved
1594,649444893075606528,Not Approved
1595,2031207288994173440,Not Approved
1596,1772507233375202304,Not Approved
1597,310896405006304512,Not Approved
1598,1209340561838724608,Not Approved
1599,797771955329024512,Not Approved
1600,1708568204356278272,Not Approved
1601,272210520801965056,Not Approved
1602,2142637146066879488,Approved
1603,865342017231689216,Not Approved
1604,736867151352229888,Not Approved
1605,1055909142829073152,Not Approved
1606,184823520880727808,Not Approved
1607,2146650523198149120,Not Approved
1608,1422893434747757312,Not Approved
1609,1970273080891595264,Not Approved
1610,168786739749012224,Not Approved
1611,1304506449674244096,Not Approved
1612,1976871076043995904,Not Approved
1613,354558444350423552,Not Approved
1614,1152479738968656896,Not Approved
1615,1753282882731040768,Not Approved
1616,1104961241185566208,Not Approved
1617,2280982459202335488,Not Approved
1618,1802768173060626432,Not Approved
1619,117730331755308800,Not Approved
1620,1163530138993307648,Not Approved
1621,1761318816633476096,Not Approved
1622,52208531967272704,Not Approved
1623,1319396657279286016,Not Approved
1624,2070752362524092160,Not Approved
1625,614486933072402432,Not Approved
1626,927364179920082944,Approved
1627,1300421366978202368,Not Approved
1628,597722397398175232,Not Approved
1629,1531458598510876672,Not Approved
1630,1528461597975487232,Not Approved
1631,1370428792736465408,Approved
1632,300109604431632384,Not Approved
1633,170798896704970240,Not Approved
1634,2093402175343521024,Not Approved
1635,290850276822686720,Not Approved
1636,1802299662443034624,Not Approved
1637,1297743385377593856,Not Approved
1638,1690441381596862208,Not Approved
1639,185783699463929344,Not Approved
1640,1687578287146941952,Not Approved
1641,1178427720789401088,Not Approved
1642,2114202350846018048,Not Approved
1643,2113285017275534336,Not Approved
1644,2260761980181373952,Not Approved
1645,623823806564153600,Not Approved
1646,380196067704666112,Not Approved
1647,1450438440400321792,Not Approved
1648,587398091154762240,Approved
1649,1037224436006757120,Not Approved
1650,1931092535788218624,Not Approved
1651,2131024351592719616,Not Approved
1652,670239270762471936,Not Approved
1653,778721917501385984,Not Approved
1654,95081239597827840,Not Approved
1655,1550606684099310848,Not Approved
1656,533665366747752192,Not Approved
1657,2080197950669961728,Not Approved
1658,620096092138266368,Not Approved
1659,1850045171650895872,Not Approved
1660,1231773404965278720,Not Approved
1661,1750991875042817280,Not Approved
1662,1006887660547113472,Not Approved
1663,255498198660779520,Not Approved
1664,1388707283901351168,Not Approved
1665,2265694623224145664,Approved
1666,910221012182425344,Not Approved
1667,585503165677991936,Not Approved
1668,1291126238208324352,Not Approved
1669,104436925833848832,Not Approved
1670,1089966849864724224,Not Approved
1671,466543927800462080,Not Approved
1672,1650922146938649088,Not Approved
1673,857088575390823424,Approved
1674,1391136395364464896,Not Approved
1675,1243293207496700672,Not Approved
1676,1482045018576349952,Not Approved
1677,1607589679822956800,Not Approved
1678,2147236772330558976,Not Approved
1679,2137159980678683648,Approved
1680,1860621251525544448,Not Approved
1681,1663414509144477184,Not Approved
1682,21535606242905600,Not Approved
1683,1815058055431016448,Not Approved
1684,208653850253220096,Not Approved
1685,1929681689003082240,Not Approved
1686,1956562291146593280,Not Approved
1687,1382388414639680000,Not Approved
1688,608088045909605120,Not Approved
1689,282971502870172160,Not Approved
1690,1081800807125596928,Not Approved
1691,1498066588015862272,Not Approved
1692,2142383925644076288,Not Approved
1693,1366992844205203712,Not Approved
1694,772610155133318656,Not Approved
1695,1727294168102021120,Not Approved
1696,2102016731194379776,Not Approved
1697,1209825861640311808,Not Approved
1698,1701261690915070464,Approved
1699,1825543120963572736,Not Approved
1700,12047356483572480,Not Approved
1701,1413363628240462592,Not Approved
1702,292152660623441408,Approved
1703,1619822812461983744,Not Approved
1704,757248310862657024,Not Approved
1705,1803253668127781376,Not Approved
1706,595622850044473088,Not Approved
1707,1645992575331516160,Not Approved
1708,2282806818954049024,Not Approved
1709,1304136691814935808,Not Approved
1710,897829207664290304,Not Approved
1711,2167042478229381888,Not Approved
1712,1842334842146434048,Not Approved
1713,250701901311559936,Not Approved
1714,1722610555364689664,Not Approved
1715,288776999517952,Not Approved
1716,622823951145495808,Approved
1717,2194412802067159808,Not Approved
1718,1927589724275997952,Not Approved
1719,936734627732316672,Not Approved
1720,65569113009328384,Not Approved
1721,1040050793862186240,Not Approved
1722,657813792965136384,Not Approved
1723,67825824849906688,Not Approved
1724,1763544533548869376,Not Approved
1725,2055996182740533504,Not Approved
1726,1186395105069405696,Not Approved
1727,371118173292488192,Not Approved
1728,1042752894287279616,Not Approved
1729,3564010415373824,Not Approved
1730,752921346434543360,Not Approved
1731,723271597447467008,Not Approved
1732,1637891568720239872,Not Approved
1733,971974593290109184,Not Approved
1734,2032463148410346752,Approved
1735,1803378247644368896,Not Approved
1736,775150419393161472,Not Approved
1737,70974453830900736,Not Approved
1738,617969962234406144,Not Approved
1739,1877047753777118208,Not Approved
1740,543530839664641024,Not Approved
1741,854778195862292992,Not Approved
1742,219135105793768448,Not Approved
1743,1330224527746050048,Not Approved
1744,1794405747316267776,Not Approved
1745,2277036584642261504,Not Approved
1746,2301273294838229504,Not Approved
1747,2199798944927136256,Not Approved
1748,1080292328562266368,Not Approved
1749,1363526153085794816,Not Approved
1750,1813326119950623488,Not Approved
1751,2114516490407885568,Not Approved
1752,1535864076351273984,Not Approved
1753,1892453309334790144,Not Approved
1754,271053035210369280,Not Approved
1755,184872581819380480,Approved
1756,1126422705415421952,Not Approved
1757,1194279385079379456,Not Approved
1758,340968338915144192,Not Approved
1759,1533696547242326528,Not Approved
1760,749388216508232192,Not Approved
1761,45885383415631872,Approved
1762,162142226182479872,Not Approved
1763,2017099394157281792,Not Approved
1764,205206996307521536,Not Approved
1765,531006982599151616,Not Approved
1766,313356872055618304,Not Approved
1767,991955389541369344,Not Approved
1768,2129639892498953472,Not Approved
1769,2276911035968384000,Approved
1770,1832323340317894400,Approved
1771,2168428592634793472,Not Approved
1772,915949740354087936,Not Approved
1773,1263371301318498560,Not Approved
1774,751995412569136128,Not Approved
1775,1336969905285821696,Not Approved
1776,1738250866342890240,Approved
1777,1666790036344513280,Not Approved
1778,2260480938379316480,Approved
1779,707389719196779264,Not Approved
1780,1381135916281765376,Not Approved
1781,918458773506963200,Not Approved
1782,811124694602212096,Not Approved
1783,1516792744769673216,Not Approved
1784,1550293198362703616,Approved
1785,887370163978951168,Not Approved
1786,2015068277789976064,Not Approved
1787,1714868982360298752,Approved
1788,583705598032882688,Not Approved
1789,2227593560441222656,Not Approved
1790,454092745873037824,Not Approved
1791,1023065647912532992,Not Approved
1792,1970344967524224768,Not Approved
1793,1122112402481613312,Not Approved
1794,737626635486231040,Approved
1795,1044771900858900992,Not Approved
1796,1266324052718525184,Not Approved
1797,894585418067354112,Approved
1798,2279521883771180288,Not Approved
1799,1254795609865475584,Not Approved
1800,1085695294878320128,Not Approved
1801,1172425976434108160,Not Approved
1802,1868403214277713152,Not Approved
1803,1734804572404635648,Approved
1804,1493912880486007296,Not Approved
1805,406891485455159040,Approved
1806,44758379527509504,Not Approved
1807,662636722090099968,Not Approved
1808,1662666929183283968,Not Approved
1809,2015536787924756736,Not Approved
1810,54783018208254976,Not Approved
1811,625917997842026496,Not Approved
1812,321554767202216960,Not Approved
1813,21565447209981440,Not Approved
1814,1393269062120529920,Not Approved
1815,1154334435621544960,Not Approved
1816,649216682386260224,Approved
1817,2199829180522725120,Not Approved
1818,1274399210212257536,Not Approved
1819,764964245980659200,Approved
1820,792747477932417792,Not Approved
1821,558676794964237056,Not Approved
1822,2080003706402844416,Approved
1823,2169688248589799424,Approved
1824,1467962886493507840,Not Approved
1825,1723024282347387648,Not Approved
1826,739445869768289536,Not Approved
1827,1226103323871855616,Not Approved
1828,2089605141032408320,Not Approved
1829,1275147076963201792,Approved
1830,1726977412535269376,Not Approved
1831,2153141915256526080,Approved
1832,2179042741811001088,Not Approved
1833,1166791054412820224,Not Approved
1834,227803904455505408,Approved
1835,845957450001371392,Not Approved
1836,1187955430494722816,Not Approved
1837,1061058993412817152,Not Approved
1838,1331189193494867200,Approved
1839,324492226116236288,Not Approved
1840,822261572072051456,Not Approved
1841,858029233862822144,Approved
1842,347646483950545408,Not Approved
1843,1820176900461795840,Not Approved
1844,1252345980841380864,Not Approved
1845,1079344071527608320,Not Approved
1846,1616510155384194560,Not Approved
1847,1990685859968968704,Not Approved
1848,852336227050670848,Not Approved
1849,1698609260203881472,Not Approved
1850,1045272898256339456,Approved
1851,1280318792173631744,Not Approved
1852,2292663938524846336,Not Approved
1853,1929919459239402752,Not Approved
1854,266834203525123840,Not Approved
1855,142909675582047488,Not Approved
1856,1221918192841937408,Not Approved
1857,1771867058611320832,Approved
1858,183257494755336704,Not Approved
1859,314508956913620992,Not Approved
1860,148432875577290752,Not Approved
1861,935916073970298112,Not Approved
1862,1634956618729200384,Not Approved
1863,404024873178090496,Not Approved
1864,141597617796078848,Not Approved
1865,1218810318409264896,Not Approved
1866,1482192971615137536,Not Approved
1867,432478965326522112,Not Approved
1868,1871320295932506368,Not Approved
1869,202194768697116928,Not Approved
1870,248547783962708480,Not Approved
1871,2151313124362199552,Approved
1872,2127815115132966912,Approved
1873,1720074565006193152,Approved
1874,1869976623651629056,Not Approved
1875,1826536437599602688,Not Approved
1876,653057039252939264,Not Approved
1877,962042097158991360,Not Approved
1878,364433042447622144,Not Approved
1879,450613680111056896,Not Approved
1880,2161629681056388864,Not Approved
1881,1068223716699610368,Not Approved
1882,2109556539732895744,Not Approved
1883,479226642679488000,Not Approved
1884,479672797758973952,Not Approved
1885,978434475614246912,Not Approved
1886,1572898768299009024,Not Approved
1887,2217988428957185536,Not Approved
1888,236072825170271232,Not Approved
1889,610833270284512256,Not Approved
1890,186325213537394432,Not Approved
1891,757689071816215552,Not Approved
1892,1712135891905419008,Not Approved
1893,533222293318088704,Not Approved
1894,1746190199741824000,Not Approved
1895,215981658825241600,Not Approved
1896,33041026885341952,Not Approved
1897,1802363902489337600,Not Approved
1898,2163568569082110208,Not Approved
1899,258647445097117440,Not Approved
1900,1251687661571896576,Not Approved
1901,145084823606612992,Not Approved
1902,1356812641361203456,Not Approved
1903,2299047867319582976,Not Approved
1904,311673160956073984,Not Approved
1905,1091784670275452672,Not Approved
1906,1916508734796722176,Not Approved
1907,636810313409373952,Approved
1908,1637849410412568832,Not Approved
1909,1027155928044986368,Not Approved
1910,2035936897617791232,Not Approved
1911,2282028457556659456,Not Approved
1912,2043397889951601152,Not Approved
1913,1461758292114500864,Not Approved
1914,1320868966537052672,Not Approved
1915,1080265776132655104,Not Approved
1916,586595425278495488,Not Approved
1917,1584645414688822528,Not Approved
1918,1031302585196549888,Not Approved
1919,129233507999783680,Not Approved
1920,1455669203783827712,Not Approved
1921,1878973493199745280,Approved
1922,1983114346401723392,Approved
1923,1624457079344794624,Approved
1924,692128283662819840,Not Approved
1925,2202242417061718528,Not Approved
1926,258375901085975040,Not Approved
1927,26431558795873024,Not Approved
1928,1555609903850447104,Not Approved
1929,873191132042828544,Not Approved
1930,1750302630695336448,Not Approved
1931,2024697027828861184,Not Approved
1932,1583731866069621504,Not Approved
1933,2080764138935552,Not Approved
1934,439531581480269312,Not Approved
1935,745078445554232832,Not Approved
1936,562464794193625600,Not Approved
1937,419684513095898624,Approved
1938,128837198260332800,Not Approved
1939,1444627347016443136,Not Approved
1940,1129725858876203008,Not Approved
1941,485495751570093312,Approved
1942,927578212630425088,Not Approved
1943,1435484355519461376,Not Approved
1944,2182676121184825344,Approved
1945,1722384032307158016,Not Approved
1946,38778217193054464,Approved
1947,90736117762814976,Not Approved
1948,984024455764793600,Not Approved
1949,830158226045417984,Not Approved
1950,814188008306505728,Not Approved
1951,425027942857486848,Not Approved
1952,387826734142065664,Not Approved
1953,1841408865029396224,Not Approved
1954,1646847558078757376,Not Approved
1955,1354110328431954688,Not Approved
1956,1121927295213833984,Not Approved
1957,2222199115262990336,Not Approved
1958,1378353148430945792,Not Approved
1959,863401143577866752,Not Approved
1960,977998590493120256,Approved
1961,1156583390710156544,Not Approved
1962,1663870842821777664,Not Approved
1963,1768364695451576064,Not Approved
1964,557030660496803840,Not Approved
1965,149890117293596160,Not Approved
1966,1529963028000184576,Not Approved
1967,324456655728127232,Not Approved
1968,852240555429787648,Not Approved
1969,903685969456838656,Not Approved
1970,2021254821586301184,Not Approved
1971,1092953403167958528,Not Approved
1972,616750318785397504,Approved
1973,1815717113860178176,Not Approved
1974,1340543162181687296,Not Approved
1975,809143589439111424,Not Approved
1976,790963125284641024,Not Approved
1977,621080065703590144,Not Approved
1978,2150169842238338560,Not Approved
1979,1978588642351161344,Approved
1980,1539997290466641152,Not Approved
1981,1314100178809451008,Not Approved
1982,2236035017640993024,Approved
1983,984974606844799232,Not Approved
1984,1247591613595799296,Not Approved
1985,1260018088739524864,Not Approved
1986,1825826512674708736,Not Approved
1987,1869030510587679744,Not Approved
1988,429382896526629120,Not Approved
1989,296931901238134784,Not Approved
1990,615680546050138880,Not Approved
1991,1806406648034816000,Not Approved
1992,1475775219071959040,Not Approved
1993,560172631169953792,Not Approved
1994,206444698506010624,Not Approved
1995,1595862360559879424,Not Approved
1996,879889749720017664,Not Approved
1997,242909456443720192,Not Approved
1998,138725642700761856,Not Approved
1999,1680321200653072640,Not Approved
